threshold	A	u(A)
1000	1.510144	0.000082
1500	1.509078	0.000082
2000	1.508423	0.000082
2500	1.508087	0.000082
