threshold	A	u(A)
100	1.545707	0.000830
101	1.545455	0.000830
102	1.545792	0.000830
103	1.545144	0.000830
104	1.544348	0.000830
105	1.545370	0.000830
106	1.544591	0.000830
