threshold	A	u(A)
100	1.546262	0.000262
