threshold	A	u(A)
8358	1.507602	0.000368
7086	1.507230	0.000368
5790	1.507157	0.000368
5047	1.507755	0.000368
